Metric,Value
Total Revenue,7835128.0
Total Profit,714730.17478
Unique Customers,795
Total Quantity Sold,163043
Average Selling Price per Unit,48.05559269640524
Average Delivery Days,5.172277024249897
Best Region,Central
Highest Revenue Category,Office Supplies
Lowest Profit Margin Category,Furniture
Highest Discount Region,Southeast Asia
Repeat Buyers (%),100.0
One-Time Buyers (%),0.0
Discount-Profit Correlation,-0.47268064945735316
High Sales Negative Profit Transactions,1072
Fastest Shipping Mode,Same Day
Most Consistent Region,Central
